{"graph_0": {"_type": "graph-file", "sha256": "dc0fd40f6765a4c9ee3daf9b9c02ab57bc923053f351f9e943808abafbdf9f30", "size": 15288, "path": "media/graph/graph_0_summary_dc0fd40f6765a4c9ee3d.graph.json"}, "Loss": {"monte_carlo_cross_entropy_loss": 0.7816176414489746, "mse_loss": 0.8906973004341125, "total_loss": 1.6723148822784424}, "Misc": {"Epoch": 49, "Learning Rate": 2.195999999999998e-05}, "_timestamp": 1714244042.2970412, "_runtime": 1443.117419242859, "_step": 256000, "_wandb": {"runtime": 1441}}