{"graph_0": {"_type": "graph-file", "sha256": "0c1fdb71dde032d7d05c30fe29c509782fe36cf3fcfdebff849ed029c76d5dc0", "size": 15288, "path": "media/graph/graph_0_summary_0c1fdb71dde032d7d05c.graph.json"}, "Loss": {"monte_carlo_cross_entropy_loss": 0.7795535922050476, "mse_loss": 0.9269224405288696, "total_loss": 1.7064759731292725}, "Misc": {"Epoch": 49, "Learning Rate": 2.195999999999998e-06}, "_timestamp": 1714494586.624571, "_runtime": 1717.3971681594849, "_step": 256000, "_wandb": {"runtime": 1717}}