{"graph_0": {"_type": "graph-file", "sha256": "f1fd5748396c8e5ff8e4171a702334b08847c39533accf1bba730d83ada3bfa7", "size": 11353, "path": "media/graph/graph_0_summary_f1fd5748396c8e5ff8e4.graph.json"}, "Loss": {"cross_entropy_loss": 1.9105216803955132, "mse_loss": 0.9654909372329712, "total_loss": 2.8760126176284846}, "Misc": {"Learning Rate": 2.195999999999998e-05}, "_timestamp": 1713541002.4334946, "_runtime": 1778.0283255577087, "_step": 358400, "_wandb": {"runtime": 1777}}