{"graph_0": {"_type": "graph-file", "sha256": "0a738c89fd1d4a1363561dd80f8fe8146b50fe7eb9a9b93920bc4a2bf7956b38", "size": 11353, "path": "media/graph/graph_0_summary_0a738c89fd1d4a136356.graph.json"}, "Loss": {"cross_entropy_loss": 1.9417172929657875, "mse_loss": 0.9975677728652954, "total_loss": 2.9392850658310827}, "Learning Rate": 2.0000000000000018e-09, "_timestamp": 1713507260.7186155, "_runtime": 167.94246745109558, "_step": 143360, "_wandb": {"runtime": 166}}