{"graph_0": {"_type": "graph-file", "sha256": "95958cec8a1ad88a9866ebbbe00a6b05ad7cdb05f7a8ee3039461c7fdbd342fd", "size": 11353, "path": "media/graph/graph_0_summary_95958cec8a1ad88a9866.graph.json"}, "Loss": {"cross_entropy_loss": 1.936680556823104, "mse_loss": 0.9919114708900452, "total_loss": 2.928592027713149}, "Learning Rate": [2.0000000000000018e-09], "_timestamp": 1713507072.0966685, "_runtime": 103.61165738105774, "_step": 75776}