{"graph_0": {"_type": "graph-file", "sha256": "ac2e2937399b59fd733cafacda18e415e3f317b9ebe4368f8512e6af4dba9374", "size": 11353, "path": "media/graph/graph_0_summary_ac2e2937399b59fd733c.graph.json"}, "Loss": {"nll_loss": -591.0, "mse_loss": 1.9365234375, "total_loss": -589.0634765625}, "Misc": {"Epoch": 6, "Learning Rate": 0.00044012}, "_timestamp": 1713560843.9195492, "_runtime": 532.3907551765442, "_step": 99328}