{"graph_0": {"_type": "graph-file", "sha256": "293e63c340d72a411dd822b3b14771a9706b6c81a1c0b0962a4d66271b239488", "size": 11353, "path": "media/graph/graph_0_summary_293e63c340d72a411dd8.graph.json"}, "Loss": {"cross_entropy_loss": 1.923321860718688, "mse_loss": 0.9957983493804932, "total_loss": 2.919120210099181}, "Learning Rate": 5.190000000000006e-06, "_timestamp": 1713508363.3569257, "_runtime": 163.95784378051758, "_step": 143360, "_wandb": {"runtime": 162}}