{"graph_0": {"_type": "graph-file", "sha256": "645cb756a7ee718b2099bf5d02f167ad1348ec735d08c12c7980fddbf7fff04e", "size": 11353, "path": "media/graph/graph_0_summary_645cb756a7ee718b2099.graph.json"}, "Loss": {"cross_entropy_loss": 1.933351818668551, "mse_loss": 0.9910955429077148, "total_loss": 2.9244473615762656}, "Learning Rate": 9.002000000000001e-05, "_timestamp": 1713508440.9412942, "_runtime": 30.064309120178223, "_step": 15360}