{"graph_0": {"_type": "graph-file", "sha256": "fc75f5d28498d80bb51d8dc53086510c346af0ca0a30359a4fb689d6d4cd46d6", "size": 11353, "path": "media/graph/graph_0_summary_fc75f5d28498d80bb51d.graph.json"}, "Loss": {"monte_carlo_cross_entropy_loss": 0.2607196271419525, "mse_loss": 0.8422154188156128, "total_loss": 1.1029350757598877}, "Misc": {"Epoch": 49, "Learning Rate": 2.195999999999998e-05}, "_timestamp": 1713571836.7600048, "_runtime": 741.9937636852264, "_step": 716800, "_wandb": {"runtime": 741}}