{"graph_0": {"_type": "graph-file", "sha256": "7cb4c25deee4d9f9481d8112b75822aff900ae382c011bc3f6333adbc786cd42", "size": 11353, "path": "media/graph/graph_0_summary_7cb4c25deee4d9f9481d.graph.json"}, "Loss": {"cross_entropy_loss": 1.9363529158552715, "mse_loss": 0.9938456416130066, "total_loss": 2.930198557468278}, "Learning Rate": 5.190000000000007e-07, "_timestamp": 1713508082.3748887, "_runtime": 158.07469654083252, "_step": 143360, "_wandb": {"runtime": 156}}