{"graph_0": {"_type": "graph-file", "sha256": "06eb231c636852bd4991dba197a581d67b4f048eb0d7d3e8d3efc96d69f7181d", "size": 11353, "path": "media/graph/graph_0_summary_06eb231c636852bd4991.graph.json"}, "Loss": {"monte_carlo_cross_entropy_loss": 0.9434971809387207, "mse_loss": 0.8774071931838989, "total_loss": 1.8209043741226196}, "Misc": {"Epoch": 49, "Learning Rate": 1.097999999999999e-06}, "_timestamp": 1714166992.0625854, "_runtime": 2310.13854432106, "_step": 460800, "_wandb": {"runtime": 2310}}