{"graph_0": {"_type": "graph-file", "sha256": "ab85428bbb9ce732ca054b77a553693a79bf61b88558fca84ca5459be626700e", "size": 15288, "path": "media/graph/graph_0_summary_ab85428bbb9ce732ca05.graph.json"}, "Loss": {"monte_carlo_cross_entropy_loss": 0.8202819228172302, "mse_loss": 0.9062298536300659, "total_loss": 1.7265117168426514}, "Misc": {"Epoch": 49, "Learning Rate": 2.195999999999998e-06}, "_timestamp": 1714580626.7243364, "_runtime": 3514.7150983810425, "_step": 460800, "_wandb": {"runtime": 3512}}