{"graph_0": {"_type": "graph-file", "sha256": "3aabf6d2ecfd1df368d5b6926cc89d29a236bd1b281b98d2a3ff2f87a8e8919f", "size": 11353, "path": "media/graph/graph_0_summary_3aabf6d2ecfd1df368d5.graph.json"}, "Loss": {"cross_entropy_loss": 1.8327728719941168, "mse_loss": 0.6568542718887329, "total_loss": 2.4896271438828497}, "Misc": {"Epoch": 49, "Learning Rate": 2.195999999999998e-05}, "_timestamp": 1713565233.903664, "_runtime": 4054.6648800373077, "_step": 716800, "_wandb": {"runtime": 4054}}