{"graph_0": {"_type": "graph-file", "sha256": "fe81bd18d6aeb893d05e48c06bc1498439ceebe1a49bc0da8717bd1473d680bd", "size": 11353, "path": "media/graph/graph_0_summary_fe81bd18d6aeb893d05e.graph.json"}, "Loss": {"cross_entropy_loss": 1.9396463534293424, "mse_loss": 1.001465916633606, "total_loss": 2.9411122700629484}, "Learning Rate": 5.1900000000000054e-08, "_timestamp": 1713507867.5052676, "_runtime": 163.14450860023499, "_step": 143360, "_wandb": {"runtime": 162}}