{"graph_0": {"_type": "graph-file", "sha256": "6ee9bce9aad0f50d21569e8bf19b4645a855d7f8f04eec887006b23d6272fef3", "size": 11353, "path": "media/graph/graph_0_summary_6ee9bce9aad0f50d2156.graph.json"}, "Loss": {"monte_carlo_cross_entropy_loss": 0.2554524540901184, "mse_loss": 0.8150005340576172, "total_loss": 1.0704529285430908}, "Misc": {"Epoch": 49, "Learning Rate": 2.195999999999998e-05}, "_timestamp": 1714144154.682775, "_runtime": 2449.9039640426636, "_step": 460800, "_wandb": {"runtime": 2449}}