{"graph_0": {"_type": "graph-file", "sha256": "6e56504edd8b23419003a26498adcbd8a2516d287aa18087b8afd16c135e9dc3", "size": 11353, "path": "media/graph/graph_0_summary_6e56504edd8b23419003.graph.json"}, "cross_entropy_loss": 1.9386876093429528, "mse_loss": 0.9933232665061951, "total_loss": 2.932010875849148, "_timestamp": 1713479694.3857813, "_runtime": 380.59683537483215, "_step": 71680, "_wandb": {"runtime": 381}}