{"graph_0": {"_type": "graph-file", "sha256": "314d05dd4344f1fcb0d60300e179861bea681e91aa6b1c8730a7c9b12a5cd65d", "size": 15288, "path": "media/graph/graph_0_summary_314d05dd4344f1fcb0d6.graph.json"}, "Loss": {"monte_carlo_cross_entropy_loss": 0.9453212022781372, "mse_loss": 0.9153069257736206, "total_loss": 1.8606281280517578}, "Misc": {"Epoch": 49, "Learning Rate": 1.097999999999999e-06}, "_timestamp": 1714608385.3391008, "_runtime": 2927.5652809143066, "_step": 512000, "_wandb": {"runtime": 2926}}