{"graph_0": {"_type": "graph-file", "sha256": "98de5d995a6155e9e370ae6ba951bc7999d0040fe9484c307a44523df72f257e", "size": 11353, "path": "media/graph/graph_0_summary_98de5d995a6155e9e370.graph.json"}, "Loss": {"cross_entropy_loss": NaN, "mse_loss": 0.965323805809021, "total_loss": NaN}, "Misc": {"Epoch": 2, "Learning Rate": 0.00048004000000000005}, "_timestamp": 1713561146.6985533, "_runtime": 217.75472831726074, "_step": 35840}